"Year","County","Data Type","Drug Type","Count","Rate (per 100K)"
"2024","Multnomah","Deaths","Any Opioid","412","51.77"
"2024","Clatsop","Deaths","Any Opioid","10","24.36"
"2024","Columbia","Deaths","Any Opioid","12","22.2"
"2024","Umatilla","Deaths","Any Opioid","8","9.94"
"2024","Wallowa","Deaths","Any Opioid","0","0"
"2024","Morrow","Deaths","Any Opioid","Count between 1 and 4.","Rate not reportable. Count between 1 and 4."
"2024","Union","Deaths","Any Opioid","Count between 1 and 4.","Rate not reportable. Count between 1 and 4."
"2024","Gilliam","Deaths","Any Opioid","0","0"
"2024","Washington","Deaths","Any Opioid","76","12.43"
"2024","Sherman","Deaths","Any Opioid","0","0"
"2024","Hood River","Deaths","Any Opioid","Count between 1 and 4.","Rate not reportable. Count between 1 and 4."
"2024","Wasco","Deaths","Any Opioid","Count between 1 and 4.","Rate not reportable. Count between 1 and 4."
"2024","Tillamook","Deaths","Any Opioid","Count between 1 and 4.","Rate not reportable. Count between 1 and 4."
"2024","Clackamas","Deaths","Any Opioid","87","20.43"
"2024","Yamhill","Deaths","Any Opioid","13","11.72"
"2024","Marion","Deaths","Any Opioid","82","23.24"
"2024","Baker","Deaths","Any Opioid","Count between 1 and 4.","Rate not reportable. Count between 1 and 4."
"2024","Polk","Deaths","Any Opioid","13","14.36"
"2024","Wheeler","Deaths","Any Opioid","0","0"
"2024","Grant","Deaths","Any Opioid","0","0"
"2024","Lincoln","Deaths","Any Opioid","15","29.29"
"2024","Jefferson","Deaths","Any Opioid","5","19.58"
"2024","Linn","Deaths","Any Opioid","21","15.85"
"2024","Benton","Deaths","Any Opioid","9","9.1"
"2024","Crook","Deaths","Any Opioid","5","18.29"
"2024","Malheur","Deaths","Any Opioid","5","15.47"
"2024","Deschutes","Deaths","Any Opioid","28","13.24"
"2024","Lane","Deaths","Any Opioid","98","25.63"
"2024","Harney","Deaths","Any Opioid","Count between 1 and 4.","Rate not reportable. Count between 1 and 4."
"2024","Douglas","Deaths","Any Opioid","28","24.94"
"2024","Klamath","Deaths","Any Opioid","14","19.88"
"2024","Lake","Deaths","Any Opioid","0","0"
"2024","Coos","Deaths","Any Opioid","10","15.55"
"2024","Jackson","Deaths","Any Opioid","72","32.53"
"2024","Curry","Deaths","Any Opioid","5","21.95"
"2024","Josephine","Deaths","Any Opioid","33","37.38"
"2023","Multnomah","Deaths","Any Opioid","532","66.98"
"2023","Clatsop","Deaths","Any Opioid","10","24.34"
"2023","Columbia","Deaths","Any Opioid","9","16.69"
"2023","Umatilla","Deaths","Any Opioid","8","10.02"
"2023","Wallowa","Deaths","Any Opioid","0","0"
"2023","Morrow","Deaths","Any Opioid","Count between 1 and 4.","Rate not reportable. Count between 1 and 4."
"2023","Union","Deaths","Any Opioid","7","26.88"
"2023","Gilliam","Deaths","Any Opioid","0","0"
"2023","Washington","Deaths","Any Opioid","88","14.55"
"2023","Sherman","Deaths","Any Opioid","Count between 1 and 4.","Rate not reportable. Count between 1 and 4."
"2023","Hood River","Deaths","Any Opioid","Count between 1 and 4.","Rate not reportable. Count between 1 and 4."
"2023","Wasco","Deaths","Any Opioid","5","18.94"
"2023","Tillamook","Deaths","Any Opioid","10","36.47"
"2023","Clackamas","Deaths","Any Opioid","95","22.38"
"2023","Yamhill","Deaths","Any Opioid","18","16.49"
"2023","Marion","Deaths","Any Opioid","102","29.15"
"2023","Baker","Deaths","Any Opioid","5","29.58"
"2023","Polk","Deaths","Any Opioid","16","17.72"
"2023","Wheeler","Deaths","Any Opioid","0","0"
"2023","Grant","Deaths","Any Opioid","0","0"
"2023","Lincoln","Deaths","Any Opioid","21","40.93"
"2023","Jefferson","Deaths","Any Opioid","7","27.47"
"2023","Linn","Deaths","Any Opioid","29","22.05"
"2023","Benton","Deaths","Any Opioid","11","11.16"
"2023","Crook","Deaths","Any Opioid","Count between 1 and 4.","Rate not reportable. Count between 1 and 4."
"2023","Malheur","Deaths","Any Opioid","5","15.5"
"2023","Deschutes","Deaths","Any Opioid","19","9.1"
"2023","Lane","Deaths","Any Opioid","164","42.91"
"2023","Harney","Deaths","Any Opioid","Count between 1 and 4.","Rate not reportable. Count between 1 and 4."
"2023","Douglas","Deaths","Any Opioid","34","30.24"
"2023","Klamath","Deaths","Any Opioid","19","27.01"
"2023","Lake","Deaths","Any Opioid","Count between 1 and 4.","Rate not reportable. Count between 1 and 4."
"2023","Coos","Deaths","Any Opioid","20","30.98"
"2023","Jackson","Deaths","Any Opioid","99","44.73"
"2023","Curry","Deaths","Any Opioid","11","47.27"
"2023","Josephine","Deaths","Any Opioid","37","42.04"
"2022","Multnomah","Deaths","Any Opioid","314","39.45"
"2022","Clatsop","Deaths","Any Opioid","13","31.25"
"2022","Columbia","Deaths","Any Opioid","7","13.06"
"2022","Umatilla","Deaths","Any Opioid","15","18.81"
"2022","Wallowa","Deaths","Any Opioid","Count between 1 and 4.","Rate not reportable. Count between 1 and 4."
"2022","Morrow","Deaths","Any Opioid","Count between 1 and 4.","Rate not reportable. Count between 1 and 4."
"2022","Union","Deaths","Any Opioid","6","22.93"
"2022","Gilliam","Deaths","Any Opioid","0","0"
"2022","Washington","Deaths","Any Opioid","75","12.5"
"2022","Sherman","Deaths","Any Opioid","0","0"
"2022","Hood River","Deaths","Any Opioid","Count between 1 and 4.","Rate not reportable. Count between 1 and 4."
"2022","Wasco","Deaths","Any Opioid","11","41.45"
"2022","Tillamook","Deaths","Any Opioid","Count between 1 and 4.","Rate not reportable. Count between 1 and 4."
"2022","Clackamas","Deaths","Any Opioid","67","15.83"
"2022","Yamhill","Deaths","Any Opioid","11","10.2"
"2022","Marion","Deaths","Any Opioid","58","16.6"
"2022","Baker","Deaths","Any Opioid","0","0"
"2022","Polk","Deaths","Any Opioid","10","11.11"
"2022","Wheeler","Deaths","Any Opioid","0","0"
"2022","Grant","Deaths","Any Opioid","Count between 1 and 4.","Rate not reportable. Count between 1 and 4."
"2022","Lincoln","Deaths","Any Opioid","14","27.58"
"2022","Jefferson","Deaths","Any Opioid","Count between 1 and 4.","Rate not reportable. Count between 1 and 4."
"2022","Linn","Deaths","Any Opioid","23","17.62"
"2022","Benton","Deaths","Any Opioid","8","8.21"
"2022","Crook","Deaths","Any Opioid","Count between 1 and 4.","Rate not reportable. Count between 1 and 4."
"2022","Malheur","Deaths","Any Opioid","7","21.97"
"2022","Deschutes","Deaths","Any Opioid","24","11.62"
"2022","Lane","Deaths","Any Opioid","118","30.56"
"2022","Harney","Deaths","Any Opioid","Count between 1 and 4.","Rate not reportable. Count between 1 and 4."
"2022","Douglas","Deaths","Any Opioid","28","24.95"
"2022","Klamath","Deaths","Any Opioid","13","18.46"
"2022","Lake","Deaths","Any Opioid","0","0"
"2022","Coos","Deaths","Any Opioid","18","27.63"
"2022","Jackson","Deaths","Any Opioid","60","27.01"
"2022","Curry","Deaths","Any Opioid","6","25.41"
"2022","Josephine","Deaths","Any Opioid","27","30.76"
"2021","Multnomah","Deaths","Any Opioid","230","28.57"
"2021","Clatsop","Deaths","Any Opioid","Count between 1 and 4.","Rate not reportable. Count between 1 and 4."
"2021","Columbia","Deaths","Any Opioid","17","31.97"
"2021","Umatilla","Deaths","Any Opioid","7","8.78"
"2021","Wallowa","Deaths","Any Opioid","0","0"
"2021","Morrow","Deaths","Any Opioid","Count between 1 and 4.","Rate not reportable. Count between 1 and 4."
"2021","Union","Deaths","Any Opioid","5","19.02"
"2021","Gilliam","Deaths","Any Opioid","0","0"
"2021","Washington","Deaths","Any Opioid","54","8.96"
"2021","Sherman","Deaths","Any Opioid","Count between 1 and 4.","Rate not reportable. Count between 1 and 4."
"2021","Hood River","Deaths","Any Opioid","Count between 1 and 4.","Rate not reportable. Count between 1 and 4."
"2021","Wasco","Deaths","Any Opioid","8","29.95"
"2021","Tillamook","Deaths","Any Opioid","7","25.17"
"2021","Clackamas","Deaths","Any Opioid","52","12.27"
"2021","Yamhill","Deaths","Any Opioid","17","15.73"
"2021","Marion","Deaths","Any Opioid","58","16.68"
"2021","Baker","Deaths","Any Opioid","Count between 1 and 4.","Rate not reportable. Count between 1 and 4."
"2021","Polk","Deaths","Any Opioid","7","7.82"
"2021","Wheeler","Deaths","Any Opioid","0","0"
"2021","Grant","Deaths","Any Opioid","0","0"
"2021","Lincoln","Deaths","Any Opioid","Count between 1 and 4.","Rate not reportable. Count between 1 and 4."
"2021","Jefferson","Deaths","Any Opioid","Count between 1 and 4.","Rate not reportable. Count between 1 and 4."
"2021","Linn","Deaths","Any Opioid","14","10.76"
"2021","Benton","Deaths","Any Opioid","7","7.52"
"2021","Crook","Deaths","Any Opioid","Count between 1 and 4.","Rate not reportable. Count between 1 and 4."
"2021","Malheur","Deaths","Any Opioid","Count between 1 and 4.","Rate not reportable. Count between 1 and 4."
"2021","Deschutes","Deaths","Any Opioid","13","6.33"
"2021","Lane","Deaths","Any Opioid","93","24.09"
"2021","Harney","Deaths","Any Opioid","0","0"
"2021","Douglas","Deaths","Any Opioid","23","20.51"
"2021","Klamath","Deaths","Any Opioid","11","15.62"
"2021","Lake","Deaths","Any Opioid","Count between 1 and 4.","Rate not reportable. Count between 1 and 4."
"2021","Coos","Deaths","Any Opioid","6","9.21"
"2021","Jackson","Deaths","Any Opioid","60","26.71"
"2021","Curry","Deaths","Any Opioid","13","54.8"
"2021","Josephine","Deaths","Any Opioid","20","22.57"
"2020","Multnomah","Deaths","Any Opioid","151","18.5"
"2020","Clatsop","Deaths","Any Opioid","5","12.15"
"2020","Columbia","Deaths","Any Opioid","Count between 1 and 4.","Rate not reportable. Count between 1 and 4."
"2020","Umatilla","Deaths","Any Opioid","7","8.76"
"2020","Wallowa","Deaths","Any Opioid","Count between 1 and 4.","Rate not reportable. Count between 1 and 4."
"2020","Morrow","Deaths","Any Opioid","Count between 1 and 4.","Rate not reportable. Count between 1 and 4."
"2020","Union","Deaths","Any Opioid","6","22.93"
"2020","Gilliam","Deaths","Any Opioid","0","0"
"2020","Washington","Deaths","Any Opioid","41","6.82"
"2020","Sherman","Deaths","Any Opioid","Count between 1 and 4.","Rate not reportable. Count between 1 and 4."
"2020","Hood River","Deaths","Any Opioid","Count between 1 and 4.","Rate not reportable. Count between 1 and 4."
"2020","Wasco","Deaths","Any Opioid","Count between 1 and 4.","Rate not reportable. Count between 1 and 4."
"2020","Tillamook","Deaths","Any Opioid","6","21.85"
"2020","Clackamas","Deaths","Any Opioid","34","8.05"
"2020","Yamhill","Deaths","Any Opioid","13","12.07"
"2020","Marion","Deaths","Any Opioid","30","8.66"
"2020","Baker","Deaths","Any Opioid","Count between 1 and 4.","Rate not reportable. Count between 1 and 4."
"2020","Polk","Deaths","Any Opioid","7","7.95"
"2020","Wheeler","Deaths","Any Opioid","0","0"
"2020","Grant","Deaths","Any Opioid","0","0"
"2020","Lincoln","Deaths","Any Opioid","Count between 1 and 4.","Rate not reportable. Count between 1 and 4."
"2020","Jefferson","Deaths","Any Opioid","0","0"
"2020","Linn","Deaths","Any Opioid","11","8.53"
"2020","Benton","Deaths","Any Opioid","Count between 1 and 4.","Rate not reportable. Count between 1 and 4."
"2020","Crook","Deaths","Any Opioid","Count between 1 and 4.","Rate not reportable. Count between 1 and 4."
"2020","Malheur","Deaths","Any Opioid","Count between 1 and 4.","Rate not reportable. Count between 1 and 4."
"2020","Deschutes","Deaths","Any Opioid","14","7.02"
"2020","Lane","Deaths","Any Opioid","60","15.62"
"2020","Harney","Deaths","Any Opioid","Count between 1 and 4.","Rate not reportable. Count between 1 and 4."
"2020","Douglas","Deaths","Any Opioid","11","9.88"
"2020","Klamath","Deaths","Any Opioid","6","8.62"
"2020","Lake","Deaths","Any Opioid","Count between 1 and 4.","Rate not reportable. Count between 1 and 4."
"2020","Coos","Deaths","Any Opioid","Count between 1 and 4.","Rate not reportable. Count between 1 and 4."
"2020","Jackson","Deaths","Any Opioid","23","10.28"
"2020","Curry","Deaths","Any Opioid","5","21.26"
"2020","Josephine","Deaths","Any Opioid","21","23.8"
"2019","Multnomah","Deaths","Any Opioid","109","13.41"
"2019","Clatsop","Deaths","Any Opioid","5","12.43"
"2019","Columbia","Deaths","Any Opioid","Count between 1 and 4.","Rate not reportable. Count between 1 and 4."
"2019","Umatilla","Deaths","Any Opioid","Count between 1 and 4.","Rate not reportable. Count between 1 and 4."
"2019","Wallowa","Deaths","Any Opioid","0","0"
"2019","Morrow","Deaths","Any Opioid","Count between 1 and 4.","Rate not reportable. Count between 1 and 4."
"2019","Union","Deaths","Any Opioid","Count between 1 and 4.","Rate not reportable. Count between 1 and 4."
"2019","Gilliam","Deaths","Any Opioid","0","0"
"2019","Washington","Deaths","Any Opioid","35","5.82"
"2019","Sherman","Deaths","Any Opioid","0","0"
"2019","Hood River","Deaths","Any Opioid","Count between 1 and 4.","Rate not reportable. Count between 1 and 4."
"2019","Wasco","Deaths","Any Opioid","Count between 1 and 4.","Rate not reportable. Count between 1 and 4."
"2019","Tillamook","Deaths","Any Opioid","0","0"
"2019","Clackamas","Deaths","Any Opioid","20","4.78"
"2019","Yamhill","Deaths","Any Opioid","6","5.6"
"2019","Marion","Deaths","Any Opioid","16","4.6"
"2019","Baker","Deaths","Any Opioid","0","0"
"2019","Polk","Deaths","Any Opioid","Count between 1 and 4.","Rate not reportable. Count between 1 and 4."
"2019","Wheeler","Deaths","Any Opioid","0","0"
"2019","Grant","Deaths","Any Opioid","0","0"
"2019","Lincoln","Deaths","Any Opioid","6","12.01"
"2019","Jefferson","Deaths","Any Opioid","0","0"
"2019","Linn","Deaths","Any Opioid","7","5.4"
"2019","Benton","Deaths","Any Opioid","5","5.37"
"2019","Crook","Deaths","Any Opioid","Count between 1 and 4.","Rate not reportable. Count between 1 and 4."
"2019","Malheur","Deaths","Any Opioid","Count between 1 and 4.","Rate not reportable. Count between 1 and 4."
"2019","Deschutes","Deaths","Any Opioid","7","3.54"
"2019","Lane","Deaths","Any Opioid","29","7.59"
"2019","Harney","Deaths","Any Opioid","0","0"
"2019","Douglas","Deaths","Any Opioid","12","10.81"
"2019","Klamath","Deaths","Any Opioid","8","11.72"
"2019","Lake","Deaths","Any Opioid","0","0"
"2019","Coos","Deaths","Any Opioid","7","10.85"
"2019","Jackson","Deaths","Any Opioid","19","8.6"
"2019","Curry","Deaths","Any Opioid","Count between 1 and 4.","Rate not reportable. Count between 1 and 4."
"2019","Josephine","Deaths","Any Opioid","11","12.57"
"2018","Multnomah","Deaths","Any Opioid","117","14.46"
"2018","Clatsop","Deaths","Any Opioid","10","25.18"
"2018","Columbia","Deaths","Any Opioid","8","15.31"
"2018","Umatilla","Deaths","Any Opioid","5","6.46"
"2018","Wallowa","Deaths","Any Opioid","0","0"
"2018","Morrow","Deaths","Any Opioid","Count between 1 and 4.","Rate not reportable. Count between 1 and 4."
"2018","Union","Deaths","Any Opioid","Count between 1 and 4.","Rate not reportable. Count between 1 and 4."
"2018","Gilliam","Deaths","Any Opioid","0","0"
"2018","Washington","Deaths","Any Opioid","27","4.52"
"2018","Sherman","Deaths","Any Opioid","0","0"
"2018","Hood River","Deaths","Any Opioid","Count between 1 and 4.","Rate not reportable. Count between 1 and 4."
"2018","Wasco","Deaths","Any Opioid","0","0"
"2018","Tillamook","Deaths","Any Opioid","Count between 1 and 4.","Rate not reportable. Count between 1 and 4."
"2018","Clackamas","Deaths","Any Opioid","23","5.54"
"2018","Yamhill","Deaths","Any Opioid","5","4.7"
"2018","Marion","Deaths","Any Opioid","13","3.76"
"2018","Baker","Deaths","Any Opioid","Count between 1 and 4.","Rate not reportable. Count between 1 and 4."
"2018","Polk","Deaths","Any Opioid","Count between 1 and 4.","Rate not reportable. Count between 1 and 4."
"2018","Wheeler","Deaths","Any Opioid","0","0"
"2018","Grant","Deaths","Any Opioid","0","0"
"2018","Lincoln","Deaths","Any Opioid","Count between 1 and 4.","Rate not reportable. Count between 1 and 4."
"2018","Jefferson","Deaths","Any Opioid","Count between 1 and 4.","Rate not reportable. Count between 1 and 4."
"2018","Linn","Deaths","Any Opioid","5","3.92"
"2018","Benton","Deaths","Any Opioid","0","0"
"2018","Crook","Deaths","Any Opioid","Count between 1 and 4.","Rate not reportable. Count between 1 and 4."
"2018","Malheur","Deaths","Any Opioid","Count between 1 and 4.","Rate not reportable. Count between 1 and 4."
"2018","Deschutes","Deaths","Any Opioid","7","3.65"
"2018","Lane","Deaths","Any Opioid","38","10.04"
"2018","Harney","Deaths","Any Opioid","0","0"
"2018","Douglas","Deaths","Any Opioid","8","7.27"
"2018","Klamath","Deaths","Any Opioid","5","7.39"
"2018","Lake","Deaths","Any Opioid","0","0"
"2018","Coos","Deaths","Any Opioid","Count between 1 and 4.","Rate not reportable. Count between 1 and 4."
"2018","Jackson","Deaths","Any Opioid","29","13.22"
"2018","Curry","Deaths","Any Opioid","Count between 1 and 4.","Rate not reportable. Count between 1 and 4."
"2018","Josephine","Deaths","Any Opioid","9","10.33"
"2017","Multnomah","Deaths","Any Opioid","107","13.24"
"2017","Clatsop","Deaths","Any Opioid","Count between 1 and 4.","Rate not reportable. Count between 1 and 4."
"2017","Columbia","Deaths","Any Opioid","6","11.6"
"2017","Umatilla","Deaths","Any Opioid","Count between 1 and 4.","Rate not reportable. Count between 1 and 4."
"2017","Wallowa","Deaths","Any Opioid","Count between 1 and 4.","Rate not reportable. Count between 1 and 4."
"2017","Morrow","Deaths","Any Opioid","0","0"
"2017","Union","Deaths","Any Opioid","Count between 1 and 4.","Rate not reportable. Count between 1 and 4."
"2017","Gilliam","Deaths","Any Opioid","0","0"
"2017","Washington","Deaths","Any Opioid","33","5.58"
"2017","Sherman","Deaths","Any Opioid","0","0"
"2017","Hood River","Deaths","Any Opioid","Count between 1 and 4.","Rate not reportable. Count between 1 and 4."
"2017","Wasco","Deaths","Any Opioid","0","0"
"2017","Tillamook","Deaths","Any Opioid","Count between 1 and 4.","Rate not reportable. Count between 1 and 4."
"2017","Clackamas","Deaths","Any Opioid","28","6.79"
"2017","Yamhill","Deaths","Any Opioid","8","7.6"
"2017","Marion","Deaths","Any Opioid","25","7.34"
"2017","Baker","Deaths","Any Opioid","0","0"
"2017","Polk","Deaths","Any Opioid","Count between 1 and 4.","Rate not reportable. Count between 1 and 4."
"2017","Wheeler","Deaths","Any Opioid","0","0"
"2017","Grant","Deaths","Any Opioid","0","0"
"2017","Lincoln","Deaths","Any Opioid","5","10.25"
"2017","Jefferson","Deaths","Any Opioid","Count between 1 and 4.","Rate not reportable. Count between 1 and 4."
"2017","Linn","Deaths","Any Opioid","6","4.8"
"2017","Benton","Deaths","Any Opioid","Count between 1 and 4.","Rate not reportable. Count between 1 and 4."
"2017","Crook","Deaths","Any Opioid","Count between 1 and 4.","Rate not reportable. Count between 1 and 4."
"2017","Malheur","Deaths","Any Opioid","Count between 1 and 4.","Rate not reportable. Count between 1 and 4."
"2017","Deschutes","Deaths","Any Opioid","12","6.43"
"2017","Lane","Deaths","Any Opioid","45","11.99"
"2017","Harney","Deaths","Any Opioid","0","0"
"2017","Douglas","Deaths","Any Opioid","6","5.49"
"2017","Klamath","Deaths","Any Opioid","6","8.98"
"2017","Lake","Deaths","Any Opioid","0","0"
"2017","Coos","Deaths","Any Opioid","Count between 1 and 4.","Rate not reportable. Count between 1 and 4."
"2017","Jackson","Deaths","Any Opioid","10","4.61"
"2017","Curry","Deaths","Any Opioid","Count between 1 and 4.","Rate not reportable. Count between 1 and 4."
"2017","Josephine","Deaths","Any Opioid","17","19.63"
"2016","Multnomah","Deaths","Any Opioid","84","10.46"
"2016","Clatsop","Deaths","Any Opioid","6","15.51"
"2016","Columbia","Deaths","Any Opioid","5","9.82"
"2016","Umatilla","Deaths","Any Opioid","Count between 1 and 4.","Rate not reportable. Count between 1 and 4."
"2016","Wallowa","Deaths","Any Opioid","0","0"
"2016","Morrow","Deaths","Any Opioid","0","0"
"2016","Union","Deaths","Any Opioid","Count between 1 and 4.","Rate not reportable. Count between 1 and 4."
"2016","Gilliam","Deaths","Any Opioid","0","0"
"2016","Washington","Deaths","Any Opioid","42","7.18"
"2016","Sherman","Deaths","Any Opioid","0","0"
"2016","Hood River","Deaths","Any Opioid","0","0"
"2016","Wasco","Deaths","Any Opioid","Count between 1 and 4.","Rate not reportable. Count between 1 and 4."
"2016","Tillamook","Deaths","Any Opioid","Count between 1 and 4.","Rate not reportable. Count between 1 and 4."
"2016","Clackamas","Deaths","Any Opioid","22","5.41"
"2016","Yamhill","Deaths","Any Opioid","Count between 1 and 4.","Rate not reportable. Count between 1 and 4."
"2016","Marion","Deaths","Any Opioid","15","4.47"
"2016","Baker","Deaths","Any Opioid","Count between 1 and 4.","Rate not reportable. Count between 1 and 4."
"2016","Polk","Deaths","Any Opioid","5","6.14"
"2016","Wheeler","Deaths","Any Opioid","0","0"
"2016","Grant","Deaths","Any Opioid","Count between 1 and 4.","Rate not reportable. Count between 1 and 4."
"2016","Lincoln","Deaths","Any Opioid","Count between 1 and 4.","Rate not reportable. Count between 1 and 4."
"2016","Jefferson","Deaths","Any Opioid","0","0"
"2016","Linn","Deaths","Any Opioid","8","6.52"
"2016","Benton","Deaths","Any Opioid","5","5.56"
"2016","Crook","Deaths","Any Opioid","Count between 1 and 4.","Rate not reportable. Count between 1 and 4."
"2016","Malheur","Deaths","Any Opioid","Count between 1 and 4.","Rate not reportable. Count between 1 and 4."
"2016","Deschutes","Deaths","Any Opioid","14","7.75"
"2016","Lane","Deaths","Any Opioid","44","11.93"
"2016","Harney","Deaths","Any Opioid","Count between 1 and 4.","Rate not reportable. Count between 1 and 4."
"2016","Douglas","Deaths","Any Opioid","7","6.47"
"2016","Klamath","Deaths","Any Opioid","Count between 1 and 4.","Rate not reportable. Count between 1 and 4."
"2016","Lake","Deaths","Any Opioid","0","0"
"2016","Coos","Deaths","Any Opioid","Count between 1 and 4.","Rate not reportable. Count between 1 and 4."
"2016","Jackson","Deaths","Any Opioid","17","7.93"
"2016","Curry","Deaths","Any Opioid","Count between 1 and 4.","Rate not reportable. Count between 1 and 4."
"2016","Josephine","Deaths","Any Opioid","Count between 1 and 4.","Rate not reportable. Count between 1 and 4."
"2015","Multnomah","Deaths","Any Opioid","85","10.76"
"2015","Clatsop","Deaths","Any Opioid","Count between 1 and 4.","Rate not reportable. Count between 1 and 4."
"2015","Columbia","Deaths","Any Opioid","Count between 1 and 4.","Rate not reportable. Count between 1 and 4."
"2015","Umatilla","Deaths","Any Opioid","5","6.54"
"2015","Wallowa","Deaths","Any Opioid","0","0"
"2015","Morrow","Deaths","Any Opioid","0","0"
"2015","Union","Deaths","Any Opioid","Count between 1 and 4.","Rate not reportable. Count between 1 and 4."
"2015","Gilliam","Deaths","Any Opioid","0","0"
"2015","Washington","Deaths","Any Opioid","32","5.59"
"2015","Sherman","Deaths","Any Opioid","0","0"
"2015","Hood River","Deaths","Any Opioid","0","0"
"2015","Wasco","Deaths","Any Opioid","Count between 1 and 4.","Rate not reportable. Count between 1 and 4."
"2015","Tillamook","Deaths","Any Opioid","7","27.39"
"2015","Clackamas","Deaths","Any Opioid","25","6.26"
"2015","Yamhill","Deaths","Any Opioid","10","9.86"
"2015","Marion","Deaths","Any Opioid","18","5.47"
"2015","Baker","Deaths","Any Opioid","0","0"
"2015","Polk","Deaths","Any Opioid","Count between 1 and 4.","Rate not reportable. Count between 1 and 4."
"2015","Wheeler","Deaths","Any Opioid","0","0"
"2015","Grant","Deaths","Any Opioid","Count between 1 and 4.","Rate not reportable. Count between 1 and 4."
"2015","Lincoln","Deaths","Any Opioid","5","10.64"
"2015","Jefferson","Deaths","Any Opioid","0","0"
"2015","Linn","Deaths","Any Opioid","10","8.32"
"2015","Benton","Deaths","Any Opioid","7","7.92"
"2015","Crook","Deaths","Any Opioid","6","27.97"
"2015","Malheur","Deaths","Any Opioid","Count between 1 and 4.","Rate not reportable. Count between 1 and 4."
"2015","Deschutes","Deaths","Any Opioid","6","3.44"
"2015","Lane","Deaths","Any Opioid","41","11.33"
"2015","Harney","Deaths","Any Opioid","0","0"
"2015","Douglas","Deaths","Any Opioid","14","13.06"
"2015","Klamath","Deaths","Any Opioid","Count between 1 and 4.","Rate not reportable. Count between 1 and 4."
"2015","Lake","Deaths","Any Opioid","0","0"
"2015","Coos","Deaths","Any Opioid","Count between 1 and 4.","Rate not reportable. Count between 1 and 4."
"2015","Jackson","Deaths","Any Opioid","18","8.51"
"2015","Curry","Deaths","Any Opioid","5","22.43"
"2015","Josephine","Deaths","Any Opioid","7","8.28"
"2014","Multnomah","Deaths","Any Opioid","91","11.69"
"2014","Clatsop","Deaths","Any Opioid","Count between 1 and 4.","Rate not reportable. Count between 1 and 4."
"2014","Columbia","Deaths","Any Opioid","Count between 1 and 4.","Rate not reportable. Count between 1 and 4."
"2014","Umatilla","Deaths","Any Opioid","Count between 1 and 4.","Rate not reportable. Count between 1 and 4."
"2014","Wallowa","Deaths","Any Opioid","0","0"
"2014","Morrow","Deaths","Any Opioid","Count between 1 and 4.","Rate not reportable. Count between 1 and 4."
"2014","Union","Deaths","Any Opioid","5","19.5"
"2014","Gilliam","Deaths","Any Opioid","0","0"
"2014","Washington","Deaths","Any Opioid","32","5.69"
"2014","Sherman","Deaths","Any Opioid","0","0"
"2014","Hood River","Deaths","Any Opioid","0","0"
"2014","Wasco","Deaths","Any Opioid","Count between 1 and 4.","Rate not reportable. Count between 1 and 4."
"2014","Tillamook","Deaths","Any Opioid","5","19.75"
"2014","Clackamas","Deaths","Any Opioid","28","7.12"
"2014","Yamhill","Deaths","Any Opioid","9","8.93"
"2014","Marion","Deaths","Any Opioid","14","4.32"
"2014","Baker","Deaths","Any Opioid","Count between 1 and 4.","Rate not reportable. Count between 1 and 4."
"2014","Polk","Deaths","Any Opioid","7","9.01"
"2014","Wheeler","Deaths","Any Opioid","0","0"
"2014","Grant","Deaths","Any Opioid","0","0"
"2014","Lincoln","Deaths","Any Opioid","8","17.26"
"2014","Jefferson","Deaths","Any Opioid","Count between 1 and 4.","Rate not reportable. Count between 1 and 4."
"2014","Linn","Deaths","Any Opioid","20","16.8"
"2014","Benton","Deaths","Any Opioid","Count between 1 and 4.","Rate not reportable. Count between 1 and 4."
"2014","Crook","Deaths","Any Opioid","0","0"
"2014","Malheur","Deaths","Any Opioid","Count between 1 and 4.","Rate not reportable. Count between 1 and 4."
"2014","Deschutes","Deaths","Any Opioid","11","6.49"
"2014","Lane","Deaths","Any Opioid","37","10.33"
"2014","Harney","Deaths","Any Opioid","Count between 1 and 4.","Rate not reportable. Count between 1 and 4."
"2014","Douglas","Deaths","Any Opioid","8","7.5"
"2014","Klamath","Deaths","Any Opioid","6","9.19"
"2014","Lake","Deaths","Any Opioid","Count between 1 and 4.","Rate not reportable. Count between 1 and 4."
"2014","Coos","Deaths","Any Opioid","Count between 1 and 4.","Rate not reportable. Count between 1 and 4."
"2014","Jackson","Deaths","Any Opioid","14","6.69"
"2014","Curry","Deaths","Any Opioid","Count between 1 and 4.","Rate not reportable. Count between 1 and 4."
"2014","Josephine","Deaths","Any Opioid","9","10.79"
"2013","Multnomah","Deaths","Any Opioid","101","13.18"
"2013","Clatsop","Deaths","Any Opioid","Count between 1 and 4.","Rate not reportable. Count between 1 and 4."
"2013","Columbia","Deaths","Any Opioid","Count between 1 and 4.","Rate not reportable. Count between 1 and 4."
"2013","Umatilla","Deaths","Any Opioid","Count between 1 and 4.","Rate not reportable. Count between 1 and 4."
"2013","Wallowa","Deaths","Any Opioid","Count between 1 and 4.","Rate not reportable. Count between 1 and 4."
"2013","Morrow","Deaths","Any Opioid","Count between 1 and 4.","Rate not reportable. Count between 1 and 4."
"2013","Union","Deaths","Any Opioid","0","0"
"2013","Gilliam","Deaths","Any Opioid","0","0"
"2013","Washington","Deaths","Any Opioid","21","3.78"
"2013","Sherman","Deaths","Any Opioid","0","0"
"2013","Hood River","Deaths","Any Opioid","0","0"
"2013","Wasco","Deaths","Any Opioid","0","0"
"2013","Tillamook","Deaths","Any Opioid","Count between 1 and 4.","Rate not reportable. Count between 1 and 4."
"2013","Clackamas","Deaths","Any Opioid","34","8.78"
"2013","Yamhill","Deaths","Any Opioid","7","7.01"
"2013","Marion","Deaths","Any Opioid","8","2.49"
"2013","Baker","Deaths","Any Opioid","Count between 1 and 4.","Rate not reportable. Count between 1 and 4."
"2013","Polk","Deaths","Any Opioid","Count between 1 and 4.","Rate not reportable. Count between 1 and 4."
"2013","Wheeler","Deaths","Any Opioid","0","0"
"2013","Grant","Deaths","Any Opioid","0","0"
"2013","Lincoln","Deaths","Any Opioid","9","19.43"
"2013","Jefferson","Deaths","Any Opioid","0","0"
"2013","Linn","Deaths","Any Opioid","11","9.29"
"2013","Benton","Deaths","Any Opioid","Count between 1 and 4.","Rate not reportable. Count between 1 and 4."
"2013","Crook","Deaths","Any Opioid","Count between 1 and 4.","Rate not reportable. Count between 1 and 4."
"2013","Malheur","Deaths","Any Opioid","Count between 1 and 4.","Rate not reportable. Count between 1 and 4."
"2013","Deschutes","Deaths","Any Opioid","14","8.47"
"2013","Lane","Deaths","Any Opioid","38","10.69"
"2013","Harney","Deaths","Any Opioid","Count between 1 and 4.","Rate not reportable. Count between 1 and 4."
"2013","Douglas","Deaths","Any Opioid","6","5.63"
"2013","Klamath","Deaths","Any Opioid","Count between 1 and 4.","Rate not reportable. Count between 1 and 4."
"2013","Lake","Deaths","Any Opioid","0","0"
"2013","Coos","Deaths","Any Opioid","5","8.02"
"2013","Jackson","Deaths","Any Opioid","17","8.21"
"2013","Curry","Deaths","Any Opioid","Count between 1 and 4.","Rate not reportable. Count between 1 and 4."
"2013","Josephine","Deaths","Any Opioid","Count between 1 and 4.","Rate not reportable. Count between 1 and 4."
"2012","Multnomah","Deaths","Any Opioid","92","12.1"
"2012","Clatsop","Deaths","Any Opioid","6","16.04"
"2012","Columbia","Deaths","Any Opioid","Count between 1 and 4.","Rate not reportable. Count between 1 and 4."
"2012","Umatilla","Deaths","Any Opioid","Count between 1 and 4.","Rate not reportable. Count between 1 and 4."
"2012","Wallowa","Deaths","Any Opioid","0","0"
"2012","Morrow","Deaths","Any Opioid","0","0"
"2012","Union","Deaths","Any Opioid","Count between 1 and 4.","Rate not reportable. Count between 1 and 4."
"2012","Gilliam","Deaths","Any Opioid","0","0"
"2012","Washington","Deaths","Any Opioid","39","7.11"
"2012","Sherman","Deaths","Any Opioid","0","0"
"2012","Hood River","Deaths","Any Opioid","0","0"
"2012","Wasco","Deaths","Any Opioid","Count between 1 and 4.","Rate not reportable. Count between 1 and 4."
"2012","Tillamook","Deaths","Any Opioid","Count between 1 and 4.","Rate not reportable. Count between 1 and 4."
"2012","Clackamas","Deaths","Any Opioid","30","7.83"
"2012","Yamhill","Deaths","Any Opioid","11","11.01"
"2012","Marion","Deaths","Any Opioid","26","8.13"
"2012","Baker","Deaths","Any Opioid","Count between 1 and 4.","Rate not reportable. Count between 1 and 4."
"2012","Polk","Deaths","Any Opioid","Count between 1 and 4.","Rate not reportable. Count between 1 and 4."
"2012","Wheeler","Deaths","Any Opioid","0","0"
"2012","Grant","Deaths","Any Opioid","0","0"
"2012","Lincoln","Deaths","Any Opioid","9","19.5"
"2012","Jefferson","Deaths","Any Opioid","0","0"
"2012","Linn","Deaths","Any Opioid","13","10.99"
"2012","Benton","Deaths","Any Opioid","Count between 1 and 4.","Rate not reportable. Count between 1 and 4."
"2012","Crook","Deaths","Any Opioid","0","0"
"2012","Malheur","Deaths","Any Opioid","Count between 1 and 4.","Rate not reportable. Count between 1 and 4."
"2012","Deschutes","Deaths","Any Opioid","11","6.82"
"2012","Lane","Deaths","Any Opioid","38","10.7"
"2012","Harney","Deaths","Any Opioid","Count between 1 and 4.","Rate not reportable. Count between 1 and 4."
"2012","Douglas","Deaths","Any Opioid","13","12.16"
"2012","Klamath","Deaths","Any Opioid","Count between 1 and 4.","Rate not reportable. Count between 1 and 4."
"2012","Lake","Deaths","Any Opioid","Count between 1 and 4.","Rate not reportable. Count between 1 and 4."
"2012","Coos","Deaths","Any Opioid","Count between 1 and 4.","Rate not reportable. Count between 1 and 4."
"2012","Jackson","Deaths","Any Opioid","34","16.52"
"2012","Curry","Deaths","Any Opioid","Count between 1 and 4.","Rate not reportable. Count between 1 and 4."
"2012","Josephine","Deaths","Any Opioid","6","7.25"
"2011","Multnomah","Deaths","Any Opioid","117","15.61"
"2011","Clatsop","Deaths","Any Opioid","11","29.55"
"2011","Columbia","Deaths","Any Opioid","6","12.14"
"2011","Umatilla","Deaths","Any Opioid","Count between 1 and 4.","Rate not reportable. Count between 1 and 4."
"2011","Wallowa","Deaths","Any Opioid","0","0"
"2011","Morrow","Deaths","Any Opioid","0","0"
"2011","Union","Deaths","Any Opioid","0","0"
"2011","Gilliam","Deaths","Any Opioid","0","0"
"2011","Washington","Deaths","Any Opioid","36","6.65"
"2011","Sherman","Deaths","Any Opioid","0","0"
"2011","Hood River","Deaths","Any Opioid","Count between 1 and 4.","Rate not reportable. Count between 1 and 4."
"2011","Wasco","Deaths","Any Opioid","Count between 1 and 4.","Rate not reportable. Count between 1 and 4."
"2011","Tillamook","Deaths","Any Opioid","5","19.68"
"2011","Clackamas","Deaths","Any Opioid","38","10.01"
"2011","Yamhill","Deaths","Any Opioid","8","8.02"
"2011","Marion","Deaths","Any Opioid","19","5.97"
"2011","Baker","Deaths","Any Opioid","Count between 1 and 4.","Rate not reportable. Count between 1 and 4."
"2011","Polk","Deaths","Any Opioid","Count between 1 and 4.","Rate not reportable. Count between 1 and 4."
"2011","Wheeler","Deaths","Any Opioid","0","0"
"2011","Grant","Deaths","Any Opioid","0","0"
"2011","Lincoln","Deaths","Any Opioid","Count between 1 and 4.","Rate not reportable. Count between 1 and 4."
"2011","Jefferson","Deaths","Any Opioid","0","0"
"2011","Linn","Deaths","Any Opioid","15","12.69"
"2011","Benton","Deaths","Any Opioid","7","8.11"
"2011","Crook","Deaths","Any Opioid","Count between 1 and 4.","Rate not reportable. Count between 1 and 4."
"2011","Malheur","Deaths","Any Opioid","Count between 1 and 4.","Rate not reportable. Count between 1 and 4."
"2011","Deschutes","Deaths","Any Opioid","15","9.39"
"2011","Lane","Deaths","Any Opioid","38","10.73"
"2011","Harney","Deaths","Any Opioid","0","0"
"2011","Douglas","Deaths","Any Opioid","8","7.46"
"2011","Klamath","Deaths","Any Opioid","7","10.56"
"2011","Lake","Deaths","Any Opioid","Count between 1 and 4.","Rate not reportable. Count between 1 and 4."
"2011","Coos","Deaths","Any Opioid","7","11.15"
"2011","Jackson","Deaths","Any Opioid","20","9.77"
"2011","Curry","Deaths","Any Opioid","Count between 1 and 4.","Rate not reportable. Count between 1 and 4."
"2011","Josephine","Deaths","Any Opioid","12","14.51"
"2010","Multnomah","Deaths","Any Opioid","86","11.66"
"2010","Clatsop","Deaths","Any Opioid","8","21.57"
"2010","Columbia","Deaths","Any Opioid","8","16.21"
"2010","Umatilla","Deaths","Any Opioid","6","7.88"
"2010","Wallowa","Deaths","Any Opioid","0","0"
"2010","Morrow","Deaths","Any Opioid","0","0"
"2010","Union","Deaths","Any Opioid","Count between 1 and 4.","Rate not reportable. Count between 1 and 4."
"2010","Gilliam","Deaths","Any Opioid","0","0"
"2010","Washington","Deaths","Any Opioid","28","5.27"
"2010","Sherman","Deaths","Any Opioid","0","0"
"2010","Hood River","Deaths","Any Opioid","0","0"
"2010","Wasco","Deaths","Any Opioid","0","0"
"2010","Tillamook","Deaths","Any Opioid","0","0"
"2010","Clackamas","Deaths","Any Opioid","31","8.23"
"2010","Yamhill","Deaths","Any Opioid","7","7.05"
"2010","Marion","Deaths","Any Opioid","28","8.86"
"2010","Baker","Deaths","Any Opioid","Count between 1 and 4.","Rate not reportable. Count between 1 and 4."
"2010","Polk","Deaths","Any Opioid","6","7.94"
"2010","Wheeler","Deaths","Any Opioid","0","0"
"2010","Grant","Deaths","Any Opioid","0","0"
"2010","Lincoln","Deaths","Any Opioid","Count between 1 and 4.","Rate not reportable. Count between 1 and 4."
"2010","Jefferson","Deaths","Any Opioid","Count between 1 and 4.","Rate not reportable. Count between 1 and 4."
"2010","Linn","Deaths","Any Opioid","11","9.41"
"2010","Benton","Deaths","Any Opioid","Count between 1 and 4.","Rate not reportable. Count between 1 and 4."
"2010","Crook","Deaths","Any Opioid","0","0"
"2010","Malheur","Deaths","Any Opioid","Count between 1 and 4.","Rate not reportable. Count between 1 and 4."
"2010","Deschutes","Deaths","Any Opioid","14","8.88"
"2010","Lane","Deaths","Any Opioid","33","9.38"
"2010","Harney","Deaths","Any Opioid","0","0"
"2010","Douglas","Deaths","Any Opioid","9","8.36"
"2010","Klamath","Deaths","Any Opioid","6","9.05"
"2010","Lake","Deaths","Any Opioid","0","0"
"2010","Coos","Deaths","Any Opioid","8","12.7"
"2010","Jackson","Deaths","Any Opioid","15","7.38"
"2010","Curry","Deaths","Any Opioid","5","22.34"
"2010","Josephine","Deaths","Any Opioid","Count between 1 and 4.","Rate not reportable. Count between 1 and 4."
